"","row_ind","column_ind","values"
"1","CA0194500","y2022_2",-1
"2","CA037A300","y2020_12",-1
"3","AZDI08900","y2020_12",-4
"4","MD0023C00","y2020_10",-3
"5","MD0023C00","y2020_7",-15
"6","CA0192H0X","y2020_6",-1
"7","TX0460000","y2020_4",-2
"8","CA037A500","y2020_3",-2
"9","NJ0130500","y2020_2",-2
"10","MD0110400","y2020_2",-3
"11","CA0192J0X","y2020_1",-3
"12","WI0680700","y2019_12",-1
"13","TX057519E","y2019_12",-1
"14","TX0460000","y2019_12",-1
"15","NM0150100","y2019_12",-3
"16","CA0370400","y2019_11",-3
"17","TX2202900","y2019_6",-1
"18","TX2204000","y2019_5",-1
"19","PA0231800","y2019_5",-1
"20","PA0066200","y2019_5",-1
"21","MO0390000","y2019_5",-3
"22","GA0280500","y2019_5",-2
"23","CA0370800","y2019_4",-1
"24","CA0090200","y2019_3",-6
"25","PA0110500","y2019_2",-1
"26","WI0590100","y2019_1",-1
"27","MO0390200","y2019_1",-4
"28","MD0160300","y2019_1",-1
"29","CA0190X0X","y2018_12",-2
"30","CA0370700","y2018_12",-3
"31","CA0195800","y2018_11",-1
"32","CA030490X","y2018_11",-1
"33","CA0192J0X","y2018_10",-1
"34","TX2270200","y2018_8",-2
"35","CA0371300","y2018_8",-2
"36","TX2202200","y2018_7",-1
"37","TX2080000","y2018_7",-3
"38","GA1070100","y2018_7",-1
"39","GA0330800","y2018_7",-1
"40","CA0190300","y2018_7",-1
"41","CA037A200","y2018_7",-1
"42","CA0301200","y2018_7",-1
"43","TX0970000","y2018_6",-1
"44","MD0150200","y2018_6",-1
"45","TX2203200","y2018_4",-1
"46","TX2200400","y2018_4",-1
"47","PA0064300","y2018_4",-1
"48","MO0500800","y2018_3",-1
"49","PA0031000","y2018_2",-1
"50","TX1460100","y2018_1",-1
"51","TX0560100","y2018_1",-2
"52","CA0190300","y2018_1",-2
"53","CA0193800","y2017_12",-5
"54","TX1210100","y2017_11",-1
"55","MO0730300","y2017_11",-1
"56","ME0050200","y2017_11",-1
"57","MD0130000","y2017_11",-3
"58","TX1690100","y2017_10",-1
"59","GA0600400","y2017_10",-1
"60","GA0730100","y2017_10",-1
"61","TX1840300","y2017_8",-1
"62","CA0190D0X","y2017_7",-1
"63","WY0150000","y2017_6",-1
"64","WI0020100","y2017_6",-1
"65","TX2370000","y2017_6",-2
"66","TX0151500","y2017_6",-1
"67","GA0447100","y2017_6",-1
"68","CA0192J0X","y2017_6",-1
"69","CA0191100","y2017_6",-1
"70","WY0120000","y2017_5",-1
"71","PA0634100","y2017_5",-1
"72","PA0060600","y2017_5",-1
"73","MO0660300","y2017_5",-2
"74","MO0070100","y2017_5",-1
"75","GA0080200","y2017_5",-1
"76","WI0130600","y2017_3",-1
"77","NJ0081500","y2017_3",-2
"78","GA1410200","y2017_3",-1
"79","WI0371300","y2017_2",-1
"80","TX1460300","y2017_2",-1
"81","PA0620200","y2017_1",-1
"82","MS0240800","y2016_12",-1
"83","CA0191700","y2016_12",-1
"84","PA0110500","y2016_11",-1
"85","GA1140000","y2016_11",-1
"86","GA0730100","y2016_11",-1
"87","CA0192J0X","y2016_11",-1
"88","WI0680700","y2016_10",-1
"89","UT0110000","y2016_10",-1
"90","GA0290200","y2016_10",-1
"91","WI0371300","y2016_9",-1
"92","CA037A300","y2016_8",-3
"93","PA033SP00","y2016_7",-1
"94","PA0063500","y2016_6",-1
"95","MD0180000","y2016_6",-1
"96","CA0194000","y2016_6",-1
"97","CA0191100","y2016_6",-1
"98","CA0300500","y2016_6",-1
"99","MS0240800","y2016_5",-1
"100","ME0090000","y2016_5",-1
"101","PA0010200","y2016_4",-1
"102","CA0192H0X","y2016_4",-2
"103","PA0490200","y2016_3",-1
"104","MD0170800","y2016_3",-2
"105","PA0364800","y2016_2",-1
"106","PA0401500","y2016_2",-2
"107","CA0301200","y2016_2",-6
"108","PA0260800","y2016_1",-1
"109","GA0360000","y2016_1",-1
"110","CA0194000","y2016_1",-2
"111","NJ0171300","y2015_12",-1
"112","MO0330000","y2015_12",-3
"113","PA0362000","y2015_11",-1
"114","NV0161000","y2015_11",-1
"115","GA0602700","y2015_11",-1
"116","GA0600500","y2015_11",-1
"117","CA019900X","y2015_11",-1
"118","MO0460000","y2015_10",-7
"119","MO1070300","y2015_9",-9
"120","AK0015600","y2015_9",-1
"121","UT0110000","y2015_8",-1
"122","MS0170400","y2015_8",-1
"123","MO0950D00","y2015_8",-1
"124","MO0760000","y2015_8",-2
"125","GA0490000","y2015_8",-1
"126","PA0470200","y2015_6",-1
"127","WY0110200","y2015_4",-1
"128","GA0440100","y2015_4",-1
"129","MS0400100","y2015_3",-1
"130","MO0956200","y2015_3",-1
"131","GA0880000","y2015_3",-1
"132","PA0131000","y2015_2",-1
"133","NVDI00500","y2015_2",-1
"134","CA019900X","y2015_2",-1
"135","CA0500800","y2015_2",-1
"136","PA029SP00","y2015_1",-1
"137","AZ0131400","y2014_12",-1
"138","AZ0050000","y2014_11",-1
"139","NJ0131600","y2014_10",-1
"140","WA0311400","y2014_9",-1
"141","PA0490100","y2014_9",-1
"142","GA1360000","y2014_9",-1
"143","CA033400X","y2014_9",-1
"144","MO0510300","y2014_7",-1
"145","PA0110500","y2014_6",-1
"146","OH0570500","y2014_6",-1
"147","CA0193200","y2014_6",-1
"148","CA0331700","y2014_6",-1
"149","CA0300200","y2014_6",-2
"150","WY0210100","y2014_5",-1
"151","CA0197400","y2014_5",-1
"152","CA0191400","y2014_5",-1
"153","PA0130700","y2014_4",-2
"154","MO0955200","y2014_3",-1
"155","CA0194500","y2014_3",-2
"156","CA0191700","y2014_3",-1
"157","CA0331700","y2013_12",-1
"158","CA0430800","y2013_11",-1
"159","PA0140700","y2013_10",-1
"160","CA0430800","y2013_10",-5
"161","CA0192700","y2013_10",-1
"162","CA0301200","y2013_10",-1
"163","CA0309700","y2013_9",-1
"164","CA0301200","y2013_8",-1
"165","CA0191900","y2013_7",-3
"166","CA0190400","y2013_7",-1
"167","MD0230400","y2013_6",-1
"168","GA0610000","y2013_5",-1
"169","GA0440900","y2013_5",-1
"170","CA0330500","y2013_5",-1
"171","PA0250100","y2013_4",-1
"172","CA0192100","y2013_4",-1
"173","NV0010100","y2013_3",-1
"174","MO0580300","y2013_3",-1
"175","PA0130200","y2013_2",-2
"176","MD0040100","y2013_2",-1
"177","GA0570100","y2013_2",-2
"178","IN0480200","y2013_1",-1
"179","GA0610000","y2013_1",-3
"180","PA0364800","y2012_12",-1
"181","PA0020E00","y2012_12",-1
"182","PA0091600","y2012_12",-1
"183","MD0023C00","y2012_12",-4
"184","CA0190400","y2012_12",-3
"185","CA0301100","y2012_12",-1
"186","PA017SP00","y2012_11",-1
"187","GA0610000","y2012_11",-15
"188","CA0193600","y2012_11",-2
"189","UT0110300","y2012_9",-1
"190","MO0850100","y2012_9",-11
"191","CA0192J0X","y2012_9",-1
"192","PA0131000","y2012_8",-2
"193","MO0850200","y2012_8",-5
"194","CA0192J0X","y2012_8",-2
"195","IN0200200","y2012_7",-1
"196","CA0191300","y2012_7",-1
"197","GA0640200","y2012_5",-2
"198","OH0830300","y2012_4",-1
"199","CA030360X","y2012_3",-1
"200","PA0450700","y2012_1",-1
"201","MD0040100","y2012_1",-1
"202","PA053SP00","y2011_12",-1
"203","PA0330300","y2011_11",-3
"204","PA0250700","y2011_11",-1
"205","MO0240700","y2011_11",-2
"206","CA0195800","y2011_11",-1
"207","CA0191100","y2011_11",-1
"208","CA033400X","y2011_11",-1
"209","GA1000100","y2011_9",-1
"210","CA0196700","y2011_9",-1
"211","CA0300200","y2011_9",-1
"212","WA0311900","y2011_8",-1
"213","MO1020200","y2011_8",-3
"214","PA0330300","y2011_7",-2
"215","PA0232000","y2011_7",-1
"216","OH0790300","y2011_7",-1
"217","MO0460100","y2011_7",-8
"218","MO1080500","y2011_6",-1
"219","AZ0021100","y2011_6",-3
"220","CA0193200","y2011_5",-1
"221","NM0150100","y2011_4",-1
"222","CA0191F00","y2011_4",-1
"223","AZ0021100","y2011_4",-1
"224","PA0364000","y2011_3",-1
"225","OH0571300","y2011_3",-1
"226","LA0091000","y2011_3",-1
"227","CA0198000","y2011_2",-1
"228","MO0300100","y2010_12",-17
"229","CA0192J0X","y2010_12",-2
"230","MO0660000","y2010_11",-16
"231","ME0140000","y2010_11",-1
"232","CA0192H0X","y2010_11",-4
"233","GA0380000","y2010_10",-2
"234","PA0450700","y2010_9",-1
"235","PA0041800","y2010_9",-1
"236","NM0070600","y2010_8",-1
"237","CA0190X0X","y2010_8",-1
"238","PA0180100","y2010_7",-1
"239","OH0670300","y2010_7",-1
"240","NM0070600","y2010_7",-1
"241","MO0490400","y2010_6",-1
"242","PA0155000","y2010_5",-1
"243","PA0063000","y2010_3",-1
"244","NJ0012400","y2010_2",-1
"245","LA0520200","y2010_2",-1
"246","PA0100200","y2009_12",-1
"247","MO1020200","y2009_12",-3
"248","CA0360200","y2009_12",-2
"249","CA0370400","y2009_12",-1
"250","IN0290700","y2009_11",-1
"251","AZ0039700","y2009_10",-1
"252","WA0120000","y2009_8",-1
"253","CA0180000","y2009_7",-1
"254","CO0570000","y2009_6",-1
"255","CA0191900","y2009_6",-1
"256","MO0930000","y2009_5",-1
"257","PA0462600","y2009_3",-1
"258","IN0870000","y2009_3",-1
"259","PA0020E00","y2009_2",-1
"260","PA0110500","y2009_2",-1
"261","KY0590500","y2009_2",-3
"262","CA0370400","y2009_2",-1
"263","PA0462600","y2009_1",-1
"264","MO0930000","y2009_1",-1
"265","CA0195800","y2009_1",-6
"266","MO1020200","y2008_12",-20
"267","GA1360100","y2008_12",-1
"268","CO0350400","y2008_12",-1
"269","CA0380500","y2008_12",-1
"270","CA0192J0X","y2008_11",-1
"271","CA0300600","y2008_11",-2
"272","PA0633300","y2008_9",-1
"273","PA043SP00","y2008_9",-1
"274","NJ0181900","y2008_9",-1
"275","MD0172800","y2008_9",-1
"276","MD0172300","y2008_9",-1
"277","CA0192J0X","y2008_9",-1
"278","MD0030500","y2008_8",-1
"279","PA0370600","y2008_7",-1
"280","OH0790300","y2008_7",-2
"281","CA0198000","y2008_7",-1
"282","CA0191W0X","y2008_7",-1
"283","NBNSP0000","y2008_6",-1
"284","CA0190300","y2008_6",-1
"285","CA037A300","y2008_6",-1
"286","CA030490X","y2008_6",-1
"287","UT0110300","y2008_5",-1
"288","UT0110000","y2008_5",-1
"289","MD0230400","y2008_5",-1
"290","CA0330200","y2008_5",-1
"291","MD0040100","y2008_4",-4
"292","PA0090900","y2008_3",-1
"293","NJ0042300","y2008_3",-1
"294","GA0440100","y2008_3",-1
"295","AZ0030000","y2008_3",-1
"296","MD0040100","y2008_2",-1
"297","PA034SP00","y2008_1",-1
"298","WA0290100","y2007_12",-1
"299","MO0890000","y2007_12",-1
"300","MD0160300","y2007_12",-1
"301","IN0640000","y2007_12",-1
"302","WA0070000","y2007_11",-1
"303","MO0480500","y2007_11",-1
"304","CA030490X","y2007_11",-1
"305","PA0191500","y2007_10",-1
"306","GA0070200","y2007_10",-1
"307","UT0250000","y2007_8",-1
"308","PA0150800","y2007_8",-1
"309","NJ0122100","y2007_8",-1
"310","WY0030100","y2007_7",-1
"311","UT0100000","y2007_7",-2
"312","PA0460300","y2007_7",-1
"313","MO0450200","y2007_7",-1
"314","IN0290400","y2007_7",-1
"315","CA0560100","y2007_6",-1
"316","CA056140X","y2007_6",-1
"317","MO0730100","y2007_5",-1
"318","CA0195400","y2007_5",-12
"319","CA0560300","y2007_5",-1
"320","OR0030900","y2007_3",-1
"321","MS0270000","y2007_2",-1
"322","PA0154900","y2007_1",-1
"323","MS0270000","y2007_1",-2
"324","WA0310000","y2006_12",-2
"325","PA0670300","y2006_12",-1
"326","CA0370800","y2006_12",-2
"327","CA0302000","y2006_12",-1
"328","NJ0027000","y2006_11",-1
"329","CA0560000","y2006_11",-8
"330","CA056140X","y2006_11",-2
"331","MS0270000","y2006_10",-3
"332","PA0022300","y2006_9",-1
"333","PA0430400","y2006_9",-1
"334","CA030420X","y2006_9",-1
"335","CA0193200","y2006_8",-1
"336","CA0191F00","y2006_8",-1
"337","AR0360100","y2006_8",-1
"338","MO0240700","y2006_6",-1
"339","CA0300600","y2006_6",-1
"340","NJ0130500","y2006_5",-1
"341","WA0310200","y2006_4",-1
"342","PA0130500","y2006_4",-1
"343","MO0957200","y2006_4",-1
"344","GA0080200","y2006_4",-1
"345","AR0360100","y2006_4",-3
"346","MO0959A00","y2006_3",-1
"347","CA0192J0X","y2006_3",-1
"348","CA0410200","y2006_3",-4
"349","AR0360100","y2006_3",-1
"350","CA0410200","y2006_2",-3
"351","WY0120000","y2006_1",-1
"352","MO0954700","y2006_1",-1
"353","MO0240000","y2006_1",-1
"354","CA0191F00","y2006_1",-1
"355","MO0959A00","y2005_12",-1
"356","ME0091000","y2005_12",-1
"357","CA0070800","y2005_12",-44
"358","CA0302300","y2005_12",-1
"359","CA0302100","y2005_12",-2
"360","CA0301800","y2005_12",-1
"361","CA0300000","y2005_12",-2
"362","PA0092000","y2005_11",-1
"363","MD0010200","y2005_11",-9
"364","PA0231400","y2005_10",-1
"365","MD0010200","y2005_10",-21
"366","CA0198000","y2005_10",-5
"367","WA0340200","y2005_9",-1
"368","PA0654900","y2005_9",-1
"369","AZ0040600","y2005_9",-1
"370","CA0192H0X","y2005_8",-1
"371","AZ0130300","y2005_8",-1
"372","WY0150200","y2005_7",-1
"373","PA0620200","y2005_7",-1
"374","PA0091600","y2005_6",-1
"375","CA0560300","y2005_6",-1
"376","PA053SP00","y2005_4",-1
"377","NV0140100","y2005_4",-1
"378","MO0890200","y2005_4",-1
"379","CA0410200","y2005_4",-2
"380","AZ0130300","y2005_4",-1
"381","PA0463700","y2005_3",-1
"382","CA0198000","y2005_3",-1
"383","KY0080200","y2005_2",-1
"384","CA0410200","y2005_2",-4
"385","PA0023400","y2005_1",-1
"386","PA027SP00","y2005_1",-2
"387","NJ0071000","y2005_1",-1
"388","CA0191300","y2005_1",-1
"389","CA0410200","y2005_1",-2
"390","PA0112900","y2004_12",-1
"391","PA0010500","y2004_12",-1
"392","MO0810100","y2004_12",-10
"393","PA0234800","y2004_11",-2
"394","WA0380300","y2004_10",-1
"395","PA0154900","y2004_9",-1
"396","MO0750200","y2004_9",-1
"397","MO0490000","y2004_9",-1
"398","WA0370500","y2004_8",-1
"399","PA0234800","y2004_8",-1
"400","MO0953200","y2004_7",-1
"401","MO0040300","y2004_7",-1
"402","CA0195700","y2004_7",-1
"403","CA0150700","y2004_7",-1
"404","PA0096200","y2004_6",-1
"405","OH0431800","y2004_5",-1
"406","PA0633300","y2004_3",-1
"407","CA0410200","y2004_3",-1
"408","CA0198000","y2004_2",-1
"409","CA0151100","y2004_2",-1
"410","WA0310200","y2004_1",-1
"411","UT0110000","y2004_1",-1
"412","CA0192100","y2004_1",-1
"413","MO0200100","y2003_12",-1
"414","MO0190400","y2003_12",-2
"415","MDBPD0000","y2003_12",-547
"416","LA0080000","y2003_12",-1
"417","CA0191900","y2003_12",-2
"418","WA0060100","y2003_11",-1
"419","PA0633300","y2003_11",-1
"420","CA030490X","y2003_11",-1
"421","CA0140100","y2003_11",-1
"422","CA0198000","y2003_10",-1
"423","CA0190400","y2003_10",-1
"424","CA0192J0X","y2003_9",-1
"425","GA0560100","y2003_8",-2
"426","WY0180000","y2003_7",-1
"427","MO0957200","y2003_6",-1
"428","CA0470800","y2003_5",-1
"429","MO0956900","y2003_3",-1
"430","CA0302300","y2003_3",-1
"431","OH0550300","y2003_1",-1
"432","CO0350500","y2003_1",-1
"433","PA0231400","y2002_12",-1
"434","PA0250600","y2002_12",-1
"435","CA0197400","y2002_12",-3
"436","CA0191W0X","y2002_12",-1
"437","CA056140X","y2002_12",-8
"438","CA030360X","y2002_11",-1
"439","MO0510000","y2002_9",-1
"440","MO1070300","y2002_9",-1
"441","UT0020100","y2002_8",-1
"442","PA0382100","y2002_8",-1
"443","PA0220400","y2002_8",-1
"444","CA0370400","y2002_8",-1
"445","WA0310200","y2002_7",-1
"446","CA0197400","y2002_7",-1
"447","NV0140000","y2002_5",-1
"448","MO0951900","y2002_4",-1
"449","OH0620200","y2002_2",-1
"450","PA0200200","y2002_1",-1
"451","GA0560100","y2002_1",-1
"452","AZ0071900","y2002_1",-1
"453","CA0190500","y2001_12",-79
"454","CA037A500","y2001_12",-1
"455","CA0019700","y2001_12",-1
"456","CA030470X","y2001_12",-1
"457","PA0140900","y2001_11",-1
"458","NJ0133100","y2001_11",-1
"459","NH0033800","y2001_11",-1
"460","CA0192700","y2001_11",-2
"461","UT0290700","y2001_10",-1
"462","PA0024000","y2001_10",-1
"463","PA029SP00","y2001_10",-1
"464","UT0031600","y2001_9",-1
"465","PA031SP00","y2001_9",-1
"466","NH0081600","y2001_7",-2
"467","UT0290500","y2001_4",-1
"468","PA0070300","y2001_3",-1
"469","CA0190K00","y2001_3",-1
"470","PA0070300","y2001_1",-2
"471","PA0010100","y2001_1",-2
"472","PA0670900","y2001_1",-1
"473","IN0210100","y2001_1",-1
"474","CA0192U0X","y2001_1",-1
"475","MO0480800","y2000_11",-1
"476","CA0194000","y2000_11",-1
"477","PA0211500","y2000_10",-1
"478","PA0234800","y2000_10",-1
"479","MO0950900","y2000_9",-2
"480","UT0290700","y2000_5",-1
"481","WA0380000","y2000_4",-1
"482","PA0091600","y2000_3",-1
"483","CA0349900","y2000_3",-1
"484","AZ0130300","y2000_2",-1
"485","PA060SP00","y2000_1",-1
"486","CA0190200","y1999_12",-1
"487","PA0670100","y1999_11",-1
"488","CA0192300","y1999_11",-2
"489","WA0310200","y1999_10",-1
"490","MO0950500","y1999_10",-1
"491","NH0081600","y1999_9",-1
"492","MO0956200","y1999_9",-1
"493","PA0221700","y1999_8",-1
"494","CA0332500","y1999_7",-6
"495","OR0150100","y1999_6",-1
"496","PA056SP00","y1999_5",-4
"497","PA0280600","y1999_5",-1
"498","OR0340200","y1999_5",-1
"499","WA0390200","y1999_4",-1
"500","PA013SP00","y1999_4",-1
"501","MA0052800","y1999_2",-18
"502","UT0130200","y1998_12",-1
"503","CA0560700","y1998_12",-21
"504","CA0560200","y1998_12",-6
"505","CA0560100","y1998_12",-26
"506","CA0560000","y1998_12",-32
"507","CA056140X","y1998_12",-4
"508","AR0040100","y1998_12",-1
"509","NB0550000","y1998_11",-1
"510","CA0370400","y1998_10",-1
"511","AZ0149700","y1998_10",-1
"512","PA0364800","y1998_9",-1
"513","IN0640200","y1998_9",-1
"514","PA0360800","y1998_8",-1
"515","NBNSP0000","y1998_8",-1
"516","CO0620400","y1998_8",-3
"517","PA0150300","y1998_7",-2
"518","OR0270200","y1998_6",-1
"519","GA1060100","y1998_6",-21
"520","CA0195100","y1998_5",-1
"521","UT0220500","y1998_4",-1
"522","IN0200000","y1998_4",-1
"523","CO0150400","y1998_3",-1
"524","CA0370300","y1998_3",-1
"525","CA0370400","y1998_3",-1
"526","PA0470200","y1998_2",-1
"527","PA0022200","y1998_1",-1
"528","MO0952600","y1998_1",-1
"529","MD0010000","y1998_1",-1
"530","VA0150000","y1997_12",-1
"531","NB0070100","y1997_12",-1
"532","MN0020100","y1997_12",-1
"533","CA0198000","y1997_12",-2
"534","AR0720100","y1997_12",-150
"535","PA0361300","y1997_11",-1
"536","CA0192H0X","y1997_11",-1
"537","PA0065000","y1997_10",-1
"538","CA0071500","y1997_10",-1
"539","UT0031600","y1997_9",-1
"540","CO0070600","y1997_9",-1
"541","OH0251000","y1997_8",-1
"542","NJ0023200","y1997_8",-1
"543","CA0195100","y1997_8",-1
"544","CO0570000","y1997_7",-1
"545","PA0360800","y1997_6",-1
"546","CA0192200","y1997_6",-108
"547","WA0260000","y1997_4",-1
"548","WA0310200","y1997_4",-1
"549","NJ0111300","y1997_4",-1
"550","WA0173200","y1997_3",-1
"551","NBNSP3400","y1997_3",-1
"552","AZ0071900","y1997_2",-1
"553","AK0011700","y1997_2",-1
"554","PA0652400","y1997_1",-1
"555","MD0110000","y1997_1",-1
"556","OH0550200","y1996_12",-5
"557","NH0092400","y1996_12",-1
"558","NJ0071900","y1996_11",-6
"559","CO0070000","y1996_8",-1
"560","IN0540100","y1996_6",-1
"561","AZ0071900","y1996_6",-1
"562","PA0461700","y1996_5",-1
"563","PA0260100","y1996_5",-2
"564","PA0362300","y1996_3",-1
"565","AZ0073100","y1996_3",-1
"566","SD0170100","y1996_2",-1
"567","MO0951800","y1996_2",-1
"568","IN0540100","y1996_1",-1
"569","VA0420000","y1995_12",-1
"570","NH0060200","y1995_12",-1
"571","MO1100400","y1995_12",-1
"572","OH0830300","y1995_11",-1
"573","IN0540100","y1995_11",-5
"574","WY0210000","y1995_9",-1
"575","PA024SP00","y1995_9",-1
"576","NB0070100","y1995_9",-1
"577","VA1160400","y1995_8",-1
"578","VA0290200","y1995_8",-1
"579","CO0570100","y1995_8",-2
"580","CO0320000","y1995_8",-1
"581","VA0770100","y1995_7",-1
"582","OR0210200","y1995_7",-1
"583","MO0957200","y1995_7",-1
"584","PA0140700","y1995_6",-1
"585","PA0050400","y1995_5",-1
"586","PA0094500","y1995_5",-1
"587","CA0431600","y1995_5",-12
"588","UT0080000","y1995_4",-1
"589","NH0054400","y1995_4",-1
"590","PA062SP00","y1995_3",-1
"591","AZ0110900","y1995_3",-1
"592","PA0211800","y1995_1",-1
"593","NJ0122200","y1994_12",-1
"594","NJ0132600","y1994_12",-1
"595","CO0600100","y1994_11",-1
"596","VA0290200","y1994_10",-1
"597","MO0958000","y1994_9",-1
"598","CO0010200","y1994_8",-1
"599","CA0019700","y1994_7",-1
"600","WY0120000","y1994_6",-1
"601","NB0280400","y1994_6",-1
"602","CO0340100","y1994_6",-1
"603","WA0110000","y1994_5",-1
"604","NH0070600","y1994_5",-1
"605","CO0570100","y1994_5",-1
"606","UT0070000","y1994_4",-1
"607","OH0571400","y1994_4",-1
"608","OH0310800","y1994_4",-1
"609","WA0390400","y1994_2",-1
"610","PA053SP00","y1994_2",-1
"611","WA0170300","y1994_1",-1
"612","OR0100500","y1994_1",-1
"613","CO0350400","y1994_1",-6
"614","WV0170200","y1993_12",-1
"615","CA019900X","y1993_12",-1
"616","VA0080000","y1993_11",-1
"617","MO0953000","y1993_11",-2
"618","CO0030000","y1993_11",-1
"619","UT0290500","y1993_10",-1
"620","MO0951800","y1993_10",-1
"621","MD0070500","y1993_8",-1
"622","UT0060700","y1993_6",-2
"623","OH0501400","y1993_6",-1
"624","PA0461400","y1993_5",-1
"625","WA0150100","y1993_4",-2
"626","CA0280000","y1993_4",-26
"627","CO0340000","y1993_3",-1
"628","VA0800100","y1993_2",-1
"629","OH0251200","y1993_2",-1
"630","CO0340000","y1993_2",-1
"631","NJ0181800","y1993_1",-1
"632","UT0250000","y1992_12",-1
"633","MI6388800","y1992_12",-1
"634","KS0260000","y1992_12",-2
"635","WA0170100","y1992_11",-1
"636","PA0670900","y1992_11",-1
"637","KS0570000","y1992_11",-1
"638","CA0370300","y1992_10",-1
"639","WA0310200","y1992_8",-1
"640","WA0180500","y1992_8",-1
"641","UT0061000","y1992_8",-1
"642","VA1180000","y1992_7",-1
"643","KS0080500","y1992_7",-1
"644","KS0870100","y1992_5",-1
"645","NH0031600","y1992_4",-1
"646","MO0950H00","y1992_4",-1
"647","MI7043200","y1992_4",-1
"648","CO0620000","y1992_2",-1
"649","CA0290200","y1992_2",-1
"650","UT0031600","y1992_1",-1
"651","UT0210100","y1991_12",-2
"652","NH0072400","y1991_12",-1
"653","NB0600100","y1991_12",-5
"654","OR011SP00","y1991_11",-1
"655","PA0380200","y1991_10",-1
"656","NC0070300","y1991_10",-1
"657","MO0954700","y1991_8",-1
"658","KS0660000","y1991_8",-5
"659","VA0600100","y1991_7",-1
"660","PA0361400","y1991_6",-1
"661","PA061SP00","y1991_6",-1
"662","NB0160100","y1991_6",-1
"663","KS0462000","y1991_5",-1
"664","UT0250700","y1991_4",-1
"665","NC0370000","y1991_3",-1
"666","CA0370300","y1991_2",-2
"667","PA0430400","y1991_1",-1
"668","PA0210800","y1990_12",-1
"669","NB0190100","y1990_12",-4
"670","KY0040000","y1990_12",-1
"671","KY0050100","y1990_12",-3
"672","CO0180500","y1990_12",-1
"673","AR0620100","y1990_12",-121
"674","NJ0121800","y1990_11",-1
"675","MD0010800","y1990_11",-1
"676","VA0020100","y1990_10",-2
"677","SC0320400","y1990_10",-1
"678","VA0020100","y1990_9",-2
"679","PA006SP00","y1990_9",-1
"680","KS0080000","y1990_8",-1
"681","KS0260000","y1990_8",-1
"682","NJ0152700","y1990_7",-1
"683","RI0050700","y1990_6",-1
"684","UT0030000","y1990_5",-1
"685","OH0671200","y1990_5",-1
"686","OH0431200","y1990_5",-1
"687","PA016SP00","y1990_4",-1
"688","OH0183400","y1990_4",-1
"689","NC0280200","y1990_4",-1
"690","OH0182600","y1990_3",-1
"691","PA054SP00","y1990_2",-1
"692","CO0540100","y1990_2",-1
"693","WA0310200","y1990_1",-1
"694","OH0720200","y1990_1",-1
"695","WA0270700","y1989_12",-1
"696","PA0670900","y1989_12",-1
"697","OH0291100","y1989_12",-1
"698","NC0110200","y1989_12",-1
"699","MO0952800","y1989_12",-1
"700","KS0610000","y1989_12",-1
"701","NC0240500","y1989_11",-1
"702","PA0660400","y1989_10",-2
"703","OH0183400","y1989_9",-1
"704","NJ0180600","y1989_9",-1
"705","KS0460300","y1989_9",-1
"706","CO0540000","y1989_9",-1
"707","PA0250100","y1989_8",-1
"708","OR031SP00","y1989_8",-1
"709","MO0160100","y1989_8",-1
"710","UT0290500","y1989_6",-1
"711","CO0430100","y1989_6",-1
"712","PA053SP00","y1989_5",-1
"713","UT0060200","y1989_4",-1
"714","VT0010200","y1989_3",-1
"715","PA029SP00","y1989_3",-1
"716","PA0095100","y1989_3",-1
"717","NH0070600","y1989_2",-2
"718","PA0461400","y1989_1",-1
"719","NC0140200","y1989_1",-1
"720","OH0182600","y1988_12",-1
"721","CO0030300","y1988_11",-1
"722","CA0071500","y1988_11",-1
"723","PA0280600","y1988_10",-1
"724","PA0221000","y1988_10",-1
"725","KS0462000","y1988_10",-2
"726","VT0140200","y1988_7",-1
"727","PA054SP00","y1988_7",-1
"728","CO0530000","y1988_6",-1
"729","OH0850300","y1988_5",-1
"730","CA001300X","y1988_5",-2
"731","NB0400000","y1988_4",-1
"732","CA0420100","y1988_4",-1
"733","PA059SP00","y1988_3",-1
"734","VT0060100","y1988_2",-1
"735","PA0360800","y1988_2",-1
"736","PA0092000","y1988_1",-1
"737","VA0750300","y1987_12",-163
"738","IN0530200","y1987_12",-2
"739","KS0670100","y1987_11",-1
"740","NH0010000","y1987_10",-1
"741","MO0958000","y1987_10",-1
"742","KS0810000","y1987_10",-2
"743","VA0600100","y1987_9",-1
"744","SC0080300","y1987_8",-1
"745","OR0060100","y1987_8",-1
"746","NC0410000","y1987_8",-1
"747","KS0810000","y1987_8",-1
"748","OH0311600","y1987_7",-1
"749","ID0010200","y1987_7",-1
"750","VT0080100","y1987_6",-1
"751","PA044SP00","y1987_6",-1
"752","MO0954400","y1987_6",-1
"753","OR0030000","y1987_5",-1
"754","NJ0150600","y1987_5",-4
"755","SC0310000","y1987_4",-1
"756","NJ0150600","y1987_4",-1
"757","KS0970100","y1987_3",-1
"758","KS0800000","y1987_3",-1
"759","PA0360800","y1987_2",-1
"760","UT0100000","y1987_1",-1
"761","CA0071500","y1987_1",-1
"762","VT0140400","y1986_12",-1
"763","KS0040000","y1986_9",-1
"764","KS0010100","y1986_9",-1
"765","KS0990000","y1986_8",-1
"766","KS0871000","y1986_8",-1
"767","VA0080000","y1986_6",-1
"768","PA005SP00","y1986_6",-1
"769","NH0062000","y1986_6",-1
"770","NH0064600","y1986_5",-1
"771","CA0400600","y1986_5",-1
"772","CO0030700","y1986_4",-1
"773","CA007230X","y1986_4",-1
"774","VA0300200","y1986_3",-1
"775","OH0291100","y1986_2",-1
"776","KS0460900","y1986_2",-2
"777","CA0193800","y1986_2",-2
"778","VA1070000","y1986_1",-1
"779","VA0440000","y1986_1",-1
"780","PA055SP00","y1986_1",-1
"781","OH0290100","y1986_1",-1
"782","NB0270100","y1986_1",-1
"783","VA0300000","y1985_12",-1
"784","NY0290000","y1985_12",-66
"785","CA0230400","y1985_12",-1
"786","VT0060100","y1985_11",-1
"787","PA025SP00","y1985_11",-1
"788","OH0060100","y1985_11",-1
"789","MD0172500","y1985_11",-4
"790","AR0660000","y1985_11",-5
"791","VT0080100","y1985_10",-1
"792","VT0010300","y1985_10",-1
"793","OH0571300","y1985_10",-1
"794","WA0330000","y1985_9",-1
"795","VT0130000","y1985_9",-1
"796","VA0960200","y1985_9",-1
"797","PA0351900","y1985_9",-1
"798","CA0070400","y1985_9",-36
"799","MT0320000","y1985_8",-1
"800","PA0221700","y1985_7",-2
"801","PA0451100","y1985_7",-1
"802","MO0958000","y1985_7",-1
"803","CA0197400","y1985_7",-1
"804","KS0560100","y1985_6",-1
"805","SC0400600","y1985_5",-1
"806","PA0320500","y1985_5",-1
"807","OH0310800","y1985_5",-1
"808","KS0810000","y1985_4",-1
"809","MN0750000","y1985_3",-1
"810","CO0030300","y1985_3",-2
"811","CA0301700","y1985_3",-1
"812","PA0481300","y1985_2",-1
"813","PA0380200","y1985_2",-1
"814","MO0958000","y1985_2",-1
"815","MN0050000","y1985_2",-1
"816","PA0231400","y1985_1",-1
