States,Years,Numbers
AL,1986,22012
AR,1986,9332
AZ,1986,21698
CA,1986,248383
CO,1986,17106
CT,1986,13582
DE,1986,2704
FL,1986,121002
GA,1986,34525
IA,1986,6706
ID,1986,2168
IL,1986,88529
IN,1986,14926
KS,1986,8971
KY,1986,12405
LA,1986,30551
MA,1986,29119
MD,1986,37160
ME,1986,1725
MI,1986,72816
MN,1986,11989
MO,1986,28016
MS,1986,4920
MT,1986,1007
NC,1986,29279
ND,1986,344
NE,1986,4151
NH,1986,1434
NJ,1986,43291
NM,1986,9146
NV,1986,6450
NY,1986,174077
OH,1986,42246
OK,1986,14428
OR,1986,14805
PA,1986,41619
RI,1986,3266
SC,1986,22728
SD,1986,788
TN,1986,24313
TX,1986,109937
UT,1986,4440
VA,1986,17718
VT,1986,808
WA,1986,19188
WI,1986,12174
WV,1986,3138
WY,1986,1483
AL,1987,22225
AR,1987,9753
AZ,1987,20523
CA,1987,253911
CO,1987,15408
CT,1987,13374
DE,1987,2656
FL,1987,123025
GA,1987,34584
IA,1987,6511
ID,1987,2128
IL,1987,87483
IN,1987,15425
KS,1987,8751
KY,1987,10899
LA,1987,27115
MA,1987,30877
MD,1987,29542
ME,1987,1801
MI,1987,71345
MN,1987,12108
MO,1987,26524
MS,1987,4821
MT,1987,632
NC,1987,30012
ND,1987,369
NE,1987,3936
NH,1987,1572
NJ,1987,41383
NM,1987,7885
NV,1987,6410
NY,1987,179162
OH,1987,41932
OK,1987,13664
OR,1987,14588
PA,1987,42082
RI,1987,3709
SC,1987,22651
SD,1987,769
TN,1987,24235
TX,1987,105958
UT,1987,3847
VA,1987,17419
VT,1987,750
WA,1987,19535
WI,1987,11786
WV,1987,2614
WY,1987,1389
AL,1988,21681
AR,1988,10206
AZ,1988,20867
CA,1988,261324
CO,1988,15550
CT,1988,14765
DE,1988,2981
FL,1988,
GA,1988,41332
IA,1988,7281
ID,1988,2475
IL,1988,89056
IN,1988,18682
KS,1988,8735
KY,1988,
LA,1988,27769
MA,1988,32625
MD,1988,37467
ME,1988,1896
MI,1988,67947
MN,1988,12490
MO,1988,27237
MS,1988,5907
MT,1988,857
NC,1988,31599
ND,1988,391
NE,1988,4311
NH,1988,1554
NJ,1988,44953
NM,1988,8258
NV,1988,7426
NY,1988,195255
OH,1988,43348
OK,1988,14189
OR,1988,14930
PA,1988,41316
RI,1988,3942
SC,1988,25756
SD,1988,575
TN,1988,24600
TX,1988,109549
UT,1988,4098
VA,1988,17945
VT,1988,784
WA,1988,21042
WI,1988,10367
WV,1988,2481
WY,1988,1478
AL,1989,23629
AR,1989,11389
AZ,1989,20262
CA,1989,283253
CO,1989,15648
CT,1989,16587
DE,1989,3747
FL,1989,140484
GA,1989,46169
IA,1989,7551
ID,1989,2525
IL,1989,94028
IN,1989,18995
KS,1989,10075
KY,1989,11765
LA,1989,30282
MA,1989,32224
MD,1989,40130
ME,1989,1674
MI,1989,64539
MN,1989,12551
MO,1989,31442
MS,1989,5645
MT,1989,877
NC,1989,34311
ND,1989,413
NE,1989,4443
NH,1989,1783
NJ,1989,47066
NM,1989,9031
NV,1989,6452
NY,1989,202445
OH,1989,46885
OK,1989,15854
OR,1989,14574
PA,1989,44623
RI,1989,3770
SC,1989,28503
SD,1989,850
TN,1989,25158
TX,1989,111815
UT,1989,4273
VA,1989,19066
VT,1989,722
WA,1989,22008
WI,1989,10802
WV,1989,2720
WY,1989,1227
AL,1990,27955
AR,1990,12432
AZ,1990,23613
CA,1990,309496
CO,1990,17341
CT,1990,18162
DE,1990,4327
FL,1990,156047
GA,1990,47772
IA,1990,8225
ID,1990,2760
IL,1990,105912
IN,1990,21351
KS,1990,11085
KY,1990,14376
LA,1990,33785
MA,1990,35004
MD,1990,43940
ME,1990,1756
MI,1990,72367
MN,1990,8352
MO,1990,35384
MS,1990,6002
MT,1990,1087
NC,1990,39998
ND,1990,370
NE,1990,5193
NH,1990,1410
NJ,1990,50064
NM,1990,9251
NV,1990,6701
NY,1990,211695
OH,1990,51118
OK,1990,17217
OR,1990,14371
PA,1990,51117
RI,1990,4338
SC,1990,33918
SD,1990,1060
TN,1990,30137
TX,1990,129320
UT,1990,4883
VA,1990,21772
VT,1990,691
WA,1990,24149
WI,1990,12953
WV,1990,3041
WY,1990,1366
AL,1991,32509
AR,1991,14041
AZ,1991,24919
CA,1991,328281
CO,1991,18825
CT,1991,17649
DE,1991,4844
FL,1991,158289
GA,1991,47039
IA,1991,
ID,1991,2882
IL,1991,115021
IN,1991,23093
KS,1991,12251
KY,1991,16218
LA,1991,35030
MA,1991,34761
MD,1991,46457
ME,1991,1616
MI,1991,74378
MN,1991,14003
MO,1991,37281
MS,1991,6703
MT,1991,769
NC,1991,42699
ND,1991,368
NE,1991,5327
NH,1991,1237
NJ,1991,49317
NM,1991,9966
NV,1991,8091
NY,1991,210563
OH,1991,56814
OK,1991,18525
OR,1991,14722
PA,1991,51718
RI,1991,4632
SC,1991,34579
SD,1991,1227
TN,1991,32346
TX,1991,145705
UT,1991,5005
VA,1991,23465
VT,1991,624
WA,1991,25848
WI,1991,13674
WV,1991,3444
WY,1991,1427
AL,1992,27996
AR,1992,13802
AZ,1992,25108
CA,1992,345544
CO,1992,19387
CT,1992,16266
DE,1992,3178
FL,1992,161056
GA,1992,47526
IA,1992,5105
ID,1992,2948
IL,1992,107199
IN,1992,24195
KS,1992,12753
KY,1992,20100
LA,1992,36551
MA,1992,39754
MD,1992,49073
ME,1992,1579
MI,1992,72076
MN,1992,14964
MO,1992,36932
MS,1992,7337
MT,1992,1186
NC,1992,45768
ND,1992,539
NE,1992,4556
NH,1992,1296
NJ,1992,48748
NM,1992,11040
NV,1992,8623
NY,1992,202659
OH,1992,52722
OK,1992,19965
OR,1992,15087
PA,1992,48833
RI,1992,3965
SC,1992,34637
SD,1992,1333
TN,1992,34098
TX,1992,142349
UT,1992,5210
VA,1992,23918
VT,1992,504
WA,1992,27275
WI,1992,13766
WV,1992,3832
WY,1992,1488
AL,1993,31774
AR,1993,14307
AZ,1993,27349
CA,1993,336147
CO,1993,19957
CT,1993,14960
DE,1993,3126
FL,1993,161487
GA,1993,47606
IA,1993,6883
ID,1993,3222
IL,1993,83710
IN,1993,22799
KS,1993,4942
KY,1993,17169
LA,1993,39737
MA,1993,41046
MD,1993,49535
ME,1993,1577
MI,1993,66843
MN,1993,13961
MO,1993,37209
MS,1993,7789
MT,1993,591
NC,1993,46333
ND,1993,510
NE,1993,6076
NH,1993,1311
NJ,1993,49396
NM,1993,10866
NV,1993,10884
NY,1993,194759
OH,1993,49331
OK,1993,20509
OR,1993,15183
PA,1993,48019
RI,1993,4020
SC,1993,37598
SD,1993,1349
TN,1993,35666
TX,1993,137435
UT,1993,5487
VA,1993,24166
VT,1993,344
WA,1993,26634
WI,1993,13305
WV,1993,3791
WY,1993,1358
AL,1994,28276
AR,1994,14571
AZ,1994,28019
CA,1994,317543
CO,1994,18208
CT,1994,14919
DE,1994,2222
FL,1994,157552
GA,1994,45050
IA,1994,7328
ID,1994,3224
IL,1994,86264
IN,1994,24586
KS,1994,2351
KY,1994,22689
LA,1994,39996
MA,1994,38259
MD,1994,47463
ME,1994,1600
MI,1994,68938
MN,1994,16347
MO,1994,37209
MS,1994,8997
MT,1994,
NC,1994,45559
ND,1994,522
NE,1994,6304
NH,1994,1130
NJ,1994,48549
NM,1994,11864
NV,1994,14520
NY,1994,175379
OH,1994,49128
OK,1994,21209
OR,1994,16007
PA,1994,48574
RI,1994,3746
SC,1994,38570
SD,1994,1373
TN,1994,34401
TX,1994,129854
UT,1994,5717
VA,1994,23311
VT,1994,525
WA,1994,27212
WI,1994,13714
WV,1994,3934
WY,1994,1297
AL,1995,26430
AR,1995,13717
AZ,1995,29169
CA,1995,296629
CO,1995,15917
CT,1995,13228
DE,1995,1846
FL,1995,149868
GA,1995,45664
IA,1995,8066
ID,1995,3726
IL,1995,74354
IN,1995,24684
KS,1995,3692
KY,1995,12911
LA,1995,42146
MA,1995,38359
MD,1995,49754
ME,1995,1642
MI,1995,62563
MN,1995,16329
MO,1995,33534
MS,1995,8389
MT,1995,266
NC,1995,45998
ND,1995,538
NE,1995,6196
NH,1995,982
NJ,1995,47652
NM,1995,10263
NV,1995,14293
NY,1995,150820
OH,1995,46694
OK,1995,21756
OR,1995,16076
PA,1995,47229
RI,1995,3643
SC,1995,36983
SD,1995,1352
TN,1995,35989
TX,1995,124247
UT,1995,6160
VA,1995,23909
VT,1995,627
WA,1995,25391
WI,1995,14375
WV,1995,3840
WY,1995,1214
AL,1996,23733
AR,1996,13116
AZ,1996,27026
CA,1996,274710
CO,1996,14947
CT,1996,13487
DE,1996,4027
FL,1996,83794
GA,1996,44908
IA,1996,6591
ID,1996,3175
IL,1996,70954
IN,1996,25562
KS,1996,3874
KY,1996,9638
LA,1996,37781
MA,1996,38511
MD,1996,47202
ME,1996,1546
MI,1996,57635
MN,1996,15766
MO,1996,29675
MS,1996,8064
MT,1996,
NC,1996,42561
ND,1996,502
NE,1996,7136
NH,1996,1148
NJ,1996,42520
NM,1996,11517
NV,1996,12937
NY,1996,132024
OH,1996,41726
OK,1996,19721
OR,1996,14531
PA,1996,46148
RI,1996,3442
SC,1996,37201
SD,1996,1149
TN,1996,35906
TX,1996,123191
UT,1996,6260
VA,1996,22741
VT,1996,547
WA,1996,23070
WI,1996,13056
WV,1996,3839
WY,1996,1214
AL,1997,23660
AR,1997,13189
AZ,1997,27252
CA,1997,257436
CO,1997,14400
CT,1997,12786
DE,1997,4975
FL,1997,148926
GA,1997,43022
IA,1997,7011
ID,1997,3109
IL,1997,67478
IN,1997,22468
KS,1997,4207
KY,1997,9092
LA,1997,34313
MA,1997,38763
MD,1997,43097
ME,1997,1493
MI,1997,55280
MN,1997,15816
MO,1997,28984
MS,1997,7969
MT,1997,1040
NC,1997,44612
ND,1997,504
NE,1997,7202
NH,1997,247
NJ,1997,39677
NM,1997,11890
NV,1997,11897
NY,1997,122960
OH,1997,34580
OK,1997,18567
OR,1997,14252
PA,1997,44898
RI,1997,3293
SC,1997,37526
SD,1997,976
TN,1997,35873
TX,1997,117048
UT,1997,6687
VA,1997,23233
VT,1997,
WA,1997,23407
WI,1997,13999
WV,1997,3980
WY,1997,1196
AL,1998,21387
AR,1998,12404
AZ,1998,26870
CA,1998,229779
CO,1998,14296
CT,1998,11993
DE,1998,5310
FL,1998,139740
GA,1998,42438
IA,1998,7519
ID,1998,3470
IL,1998,64291
IN,1998,20766
KS,1998,3730
KY,1998,8811
LA,1998,32172
MA,1998,36494
MD,1998,40744
ME,1998,1560
MI,1998,60869
MN,1998,14788
MO,1998,28059
MS,1998,7579
MT,1998,892
NC,1998,43559
ND,1998,546
NE,1998,7372
NH,1998,648
NJ,1998,35719
NM,1998,13573
NV,1998,11247
NY,1998,113209
OH,1998,31111
OK,1998,18044
OR,1998,13666
PA,1998,47560
RI,1998,3095
SC,1998,34954
SD,1998,940
TN,1998,35077
TX,1998,111542
UT,1998,6415
VA,1998,21788
VT,1998,594
WA,1998,23855
WI,1998,6932
WV,1998,4414
WY,1998,1159
AL,1999,20432
AR,1999,10739
AZ,1999,25942
CA,1999,207909
CO,1999,13270
CT,1999,11372
DE,1999,5005
FL,1999,128421
GA,1999,39819
IA,1999,7517
ID,1999,3114
IL,1999,53068
IN,1999,17959
KS,1999,3035
KY,1999,7940
LA,1999,30588
MA,1999,33272
MD,1999,23562
ME,1999,1249
MI,1999,54916
MN,1999,13061
MO,1999,25497
MS,1999,8068
MT,1999,979
NC,1999,40419
ND,1999,468
NE,1999,7031
NH,1999,695
NJ,1999,33541
NM,1999,12739
NV,1999,10311
NY,1999,101843
OH,1999,30193
OK,1999,17071
OR,1999,12421
PA,1999,47637
RI,1999,2839
SC,1999,33364
SD,1999,1042
TN,1999,37076
TX,1999,111667
UT,1999,5847
VA,1999,20374
VT,1999,655
WA,1999,21350
WI,1999,12814
WV,1999,4836
WY,1999,1114
AL,2000,17993
AR,2000,11812
AZ,2000,27193
CA,2000,210475
CO,2000,13513
CT,2000,11171
DE,2000,4966
FL,2000,128128
GA,2000,39440
IA,2000,7703
ID,2000,3266
IL,2000,50655
IN,2000,17850
KS,2000,8158
KY,2000,6660
LA,2000,28551
MA,2000,33182
MD,2000,41850
ME,2000,1391
MI,2000,54043
MN,2000,13678
MO,2000,25446
MS,2000,7405
MT,2000,2498
NC,2000,38919
ND,2000,506
NE,2000,5536
NH,2000,1132
NJ,2000,32299
NM,2000,12454
NV,2000,10475
NY,2000,99967
OH,2000,32458
OK,2000,17187
OR,2000,11892
PA,2000,48379
RI,2000,3119
SC,2000,32674
SD,2000,1139
TN,2000,40244
TX,2000,113298
UT,2000,5363
VA,2000,19801
VT,2000,648
WA,2000,21449
WI,2000,12403
WV,2000,5453
WY,2000,1310
AL,2001,16793
AR,2001,11253
AZ,2001,28378
CA,2001,212856
CO,2001,13961
CT,2001,11564
DE,2001,4935
FL,2001,130661
GA,2001,39642
IA,2001,7605
ID,2001,3204
IL,2001,49308
IN,2001,20119
KS,2001,8770
KY,2001,5824
LA,2001,29135
MA,2001,31742
MD,2001,42900
ME,2001,1433
MI,2001,54824
MN,2001,12817
MO,2001,28781
MS,2001,7653
MT,2001,1765
NC,2001,39843
ND,2001,491
NE,2001,5009
NH,2001,1110
NJ,2001,33075
NM,2001,12526
NV,2001,12336
NY,2001,93025
OH,2001,36764
OK,2001,17729
OR,2001,10605
PA,2001,45481
RI,2001,3279
SC,2001,32843
SD,2001,1044
TN,2001,42764
TX,2001,121471
UT,2001,5214
VA,2001,20142
VT,2001,588
WA,2001,20906
WI,2001,12396
WV,2001,4633
WY,2001,1262
AL,2002,18172
AR,2002,10986
AZ,2002,29812
CA,2002,208179
CO,2002,14697
CT,2002,10545
DE,2002,5074
FL,2002,128010
GA,2002,37486
IA,2002,8216
ID,2002,3428
IL,2002,48658
IN,2002,19451
KS,2002,8790
KY,2002,6757
LA,2002,27415
MA,2002,31220
MD,2002,42280
ME,2002,1392
MI,2002,54016
MN,2002,13115
MO,2002,30295
MS,2002,7192
MT,2002,2085
NC,2002,38118
ND,2002,464
NE,2002,5294
NH,2002,1319
NJ,2002,32104
NM,2002,12180
NV,2002,13864
NY,2002,94385
OH,2002,37411
OK,2002,17593
OR,2002,10218
PA,2002,46404
RI,2002,3051
SC,2002,34349
SD,2002,1200
TN,2002,41642
TX,2002,125694
UT,2002,5502
VA,2002,20824
VT,2002,669
WA,2002,20551
WI,2002,12112
WV,2002,3985
WY,2002,1338
AL,2003,18398
AR,2003,11117
AZ,2003,28217
CA,2003,204617
CO,2003,14702
CT,2003,9771
DE,2003,5525
FL,2003,124356
GA,2003,36933
IA,2003,7950
ID,2003,3340
IL,2003,42417
IN,2003,19564
KS,2003,7903
KY,2003,6438
LA,2003,26510
MA,2003,30910
MD,2003,38779
ME,2003,1422
MI,2003,51034
MN,2003,12800
MO,2003,28074
MS,2003,6817
MT,2003,2186
NC,2003,36487
ND,2003,471
NE,2003,5016
NH,2003,1243
NJ,2003,31438
NM,2003,11247
NV,2003,13813
NY,2003,88425
OH,2003,34724
OK,2003,17766
OR,2003,10366
PA,2003,45829
RI,2003,3074
SC,2003,33441
SD,2003,1261
TN,2003,40386
TX,2003,122163
UT,2003,5666
VA,2003,20059
VT,2003,698
WA,2003,21126
WI,2003,11957
WV,2003,4058
WY,2003,1283
AL,2004,18650
AR,2004,12777
AZ,2004,28574
CA,2004,197441
CO,2004,16587
CT,2004,9175
DE,2004,5107
FL,2004,123845
GA,2004,36921
IA,2004,8279
ID,2004,3453
IL,2004,40113
IN,2004,18788
KS,2004,9922
KY,2004,9346
LA,2004,27476
MA,2004,30194
MD,2004,38940
ME,2004,1364
MI,2004,49291
MN,2004,13672
MO,2004,28079
MS,2004,6585
MT,2004,2097
NC,2004,36595
ND,2004,527
NE,2004,5295
NH,2004,1555
NJ,2004,30918
NM,2004,11925
NV,2004,14387
NY,2004,84325
OH,2004,36299
OK,2004,17636
OR,2004,10615
PA,2004,48294
RI,2004,2673
SC,2004,33122
SD,2004,1225
TN,2004,41098
TX,2004,121181
UT,2004,5589
VA,2004,20307
VT,2004,687
WA,2004,21202
WI,2004,11463
WV,2004,4718
WY,2004,1139
AL,2005,16256
AR,2005,14154
AZ,2005,29367
CA,2005,189603
CO,2005,18015
CT,2005,8402
DE,2005,5519
FL,2005,125839
GA,2005,37866
IA,2005,8586
ID,2005,3669
IL,2005,39374
IN,2005,18767
KS,2005,10238
KY,2005,10288
LA,2005,23706
MA,2005,31783
MD,2005,39372
ME,2005,1473
MI,2005,55630
MN,2005,15103
MO,2005,30346
MS,2005,6504
MT,2005,2365
NC,2005,39618
ND,2005,669
NE,2005,4934
NH,2005,1569
NJ,2005,30916
NM,2005,11740
NV,2005,14660
NY,2005,85757
OH,2005,36925
OK,2005,18024
OR,2005,10414
PA,2005,50442
RI,2005,2700
SC,2005,32582
SD,2005,1205
TN,2005,45035
TX,2005,121070
UT,2005,5648
VA,2005,21237
VT,2005,752
WA,2005,21639
WI,2005,13266
WV,2005,4622
WY,2005,1144
AL,2006,15370
AR,2006,15242
AZ,2006,33588
CA,2006,194492
CO,2006,18730
CT,2006,10471
DE,2006,5996
FL,2006,129602
GA,2006,41152
IA,2006,8369
ID,2006,3667
IL,2006,54321
IN,2006,18960
KS,2006,11722
KY,2006,10811
LA,2006,28620
MA,2006,31827
MD,2006,38111
ME,2006,1535
MI,2006,56732
MN,2006,14979
MO,2006,31887
MS,2006,7344
MT,2006,3400
NC,2006,41096
ND,2006,1181
NE,2006,5036
NH,2006,1697
NJ,2006,30553
NM,2006,12574
NV,2006,18691
NY,2006,83926
OH,2006,38943
OK,2006,17877
OR,2006,10441
PA,2006,53103
RI,2006,2460
SC,2006,33246
SD,2006,1715
TN,2006,46023
TX,2006,121511
UT,2006,5695
VA,2006,21546
VT,2006,898
WA,2006,22225
WI,2006,15888
WV,2006,4780
WY,2006,1277
AL,2007,18046
AR,2007,14945
AZ,2007,31914
CA,2007,191569
CO,2007,16969
CT,2007,10552
DE,2007,6105
FL,2007,131880
GA,2007,45098
IA,2007,8782
ID,2007,3840
IL,2007,54345
IN,2007,20350
KS,2007,12394
KY,2007,11597
LA,2007,30334
MA,2007,29524
MD,2007,36065
ME,2007,1566
MI,2007,53335
MN,2007,13556
MO,2007,32933
MS,2007,6749
MT,2007,3524
NC,2007,39164
ND,2007,1273
NE,2007,5344
NH,2007,1743
NJ,2007,28538
NM,2007,12984
NV,2007,19358
NY,2007,80052
OH,2007,38583
OK,2007,18254
OR,2007,10885
PA,2007,50891
RI,2007,2420
SC,2007,34584
SD,2007,1752
TN,2007,46456
TX,2007,121970
UT,2007,6283
VA,2007,21002
VT,2007,787
WA,2007,21749
WI,2007,16314
WV,2007,4666
WY,2007,1323
AL,2008,19777
AR,2008,14502
AZ,2008,31242
CA,2008,185350
CO,2008,17356
CT,2008,10739
DE,2008,6187
FL,2008,126191
GA,2008,45569
IA,2008,8516
ID,2008,3676
IL,2008,54516
IN,2008,20595
KS,2008,11118
KY,2008,12318
LA,2008,28032
MA,2008,29903
MD,2008,35396
ME,2008,1574
MI,2008,51072
MN,2008,12425
MO,2008,29666
MS,2008,7173
MT,2008,2975
NC,2008,41439
ND,2008,1403
NE,2008,5423
NH,2008,1918
NJ,2008,28341
NM,2008,12803
NV,2008,18948
NY,2008,77567
OH,2008,38096
OK,2008,19326
OR,2008,9780
PA,2008,50505
RI,2008,2656
SC,2008,32497
SD,2008,2024
TN,2008,44840
TX,2008,123526
UT,2008,6110
VA,2008,20048
VT,2008,853
WA,2008,21847
WI,2008,15496
WV,2008,4667
WY,2008,1315
AL,2009,20544
AR,2009,14335
AZ,2009,28358
CA,2009,174639
CO,2009,16885
CT,2009,10587
DE,2009,5708
FL,2009,113541
GA,2009,40703
IA,2009,8332
ID,2009,3780
IL,2009,50988
IN,2009,20363
KS,2009,10889
KY,2009,10881
LA,2009,26795
MA,2009,30341
MD,2009,33629
ME,2009,1597
MI,2009,49412
MN,2009,13258
MO,2009,29468
MS,2009,6991
MT,2009,2786
NC,2009,36560
ND,2009,1447
NE,2009,5044
NH,2009,1973
NJ,2009,27109
NM,2009,12223
NV,2009,18650
NY,2009,75034
OH,2009,36674
OK,2009,18546
OR,2009,9926
PA,2009,48004
RI,2009,2678
SC,2009,30681
SD,2009,1538
TN,2009,41943
TX,2009,121640
UT,2009,5955
VA,2009,18143
VT,2009,835
WA,2009,21887
WI,2009,14605
WV,2009,5055
WY,2009,1184
AL,2010,15749
AR,2010,14241
AZ,2010,25828
CA,2010,164087
CO,2010,16644
CT,2010,10088
DE,2010,5607
FL,2010,102051
GA,2010,37829
IA,2010,7967
ID,2010,3450
IL,2010,55871
IN,2010,20007
KS,2010,10471
KY,2010,10347
LA,2010,24160
MA,2010,30607
MD,2010,31610
ME,2010,1622
MI,2010,48188
MN,2010,12825
MO,2010,27295
MS,2010,6659
MT,2010,2686
NC,2010,32467
ND,2010,1510
NE,2010,4970
NH,2010,2083
NJ,2010,27014
NM,2010,12006
NV,2010,18130
NY,2010,75807
OH,2010,34370
OK,2010,18003
OR,2010,9564
PA,2010,46321
RI,2010,2710
SC,2010,28045
SD,2010,2015
TN,2010,38909
TX,2010,113108
UT,2010,5869
VA,2010,17192
VT,2010,809
WA,2010,20965
WI,2010,14086
WV,2010,4776
WY,2010,1107
AL,2011,19675
AR,2011,13996
AZ,2011,26739
CA,2011,154874
CO,2011,15923
CT,2011,9891
DE,2011,5146
FL,2011,98268
GA,2011,35965
IA,2011,7646
ID,2011,3171
IL,2011,53579
IN,2011,20183
KS,2011,10078
KY,2011,10371
LA,2011,23913
MA,2011,27736
MD,2011,28809
ME,2011,1640
MI,2011,43585
MN,2011,12266
MO,2011,26889
MS,2011,6314
MT,2011,2722
NC,2011,32446
ND,2011,1650
NE,2011,4566
NH,2011,2358
NJ,2011,27120
NM,2011,11746
NV,2011,14880
NY,2011,77319
OH,2011,33627
OK,2011,17319
OR,2011,9594
PA,2011,46004
RI,2011,2588
SC,2011,27823
SD,2011,1976
TN,2011,38935
TX,2011,104673
UT,2011,5500
VA,2011,16023
VT,2011,916
WA,2011,19948
WI,2011,14168
WV,2011,4911
WY,2011,1234
AL,2012,21161
AR,2012,13681
AZ,2012,27703
CA,2012,160901
CO,2012,15755
CT,2012,10210
DE,2012,5049
FL,2012,94081
GA,2012,37085
IA,2012,7793
ID,2012,3347
IL,2012,51876
IN,2012,21383
KS,2012,10254
KY,2012,9683
LA,2012,21818
MA,2012,26604
MD,2012,28090
ME,2012,1627
MI,2012,44516
MN,2012,12760
MO,2012,27156
MS,2012,6077
MT,2012,2777
NC,2012,33763
ND,2012,1706
NE,2012,4693
NH,2012,2305
NJ,2012,25690
NM,2012,11397
NV,2012,16773
NY,2012,79326
OH,2012,33421
OK,2012,18066
OR,2012,9558
PA,2012,45383
RI,2012,2658
SC,2012,26358
SD,2012,2575
TN,2012,41151
TX,2012,106339
UT,2012,5797
VA,2012,15666
VT,2012,879
WA,2012,20244
WI,2012,16095
WV,2012,5420
WY,2012,1130
AL,2013,19737
AR,2013,13122
AZ,2013,26460
CA,2013,151871
CO,2013,15896
CT,2013,9345
DE,2013,4635
FL,2013,91802
GA,2013,35862
IA,2013,8071
ID,2013,3440
IL,2013,50089
IN,2013,21889
KS,2013,9698
KY,2013,9235
LA,2013,22920
MA,2013,26773
MD,2013,27160
ME,2013,1667
MI,2013,44062
MN,2013,12706
MO,2013,26218
MS,2013,5567
MT,2013,2843
NC,2013,31508
ND,2013,1954
NE,2013,4681
NH,2013,2627
NJ,2013,25313
NM,2013,11278
NV,2013,16352
NY,2013,76387
OH,2013,32019
OK,2013,16675
OR,2013,9040
PA,2013,42750
RI,2013,2710
SC,2013,24096
SD,2013,2631
TN,2013,37911
TX,2013,105920
UT,2013,6542
VA,2013,16382
VT,2013,771
WA,2013,19875
WI,2013,15712
WV,2013,4757
WY,2013,1125
AL,2014,19609
AR,2014,13311
AZ,2014,25854
CA,2014,151579
CO,2014,16304
CT,2014,8582
DE,2014,4568
FL,2014,91188
GA,2014,37390
IA,2014,8232
ID,2014,3418
IL,2014,46840
IN,2014,22065
KS,2014,9726
KY,2014,9486
LA,2014,24061
MA,2014,25989
MD,2014,26057
ME,2014,1608
MI,2014,42225
MN,2014,12503
MO,2014,26865
MS,2014,5270
MT,2014,3245
NC,2014,30298
ND,2014,1994
NE,2014,4922
NH,2014,2496
NJ,2014,22970
NM,2014,11909
NV,2014,18034
NY,2014,75832
OH,2014,30893
OK,2014,16047
OR,2014,9345
PA,2014,40259
RI,2014,2321
SC,2014,23745
SD,2014,2705
TN,2014,39847
TX,2014,109282
UT,2014,6242
VA,2014,16525
VT,2014,637
WA,2014,19976
WI,2014,16333
WV,2014,4797
WY,2014,1098
AL,2015,22122
AR,2015,14890
AZ,2015,29948
CA,2015,166710
CO,2015,17288
CT,2015,7944
DE,2015,4764
FL,2015,93556
GA,2015,36543
IA,2015,8491
ID,2015,3581
IL,2015,48851
IN,2015,23166
KS,2015,10865
KY,2015,9899
LA,2015,24855
MA,2015,25844
MD,2015,26533
ME,2015,1646
MI,2015,41492
MN,2015,13387
MO,2015,30235
MS,2015,4926
MT,2015,3591
NC,2015,30359
ND,2015,1934
NE,2015,4928
NH,2015,2585
NJ,2015,22593
NM,2015,12638
NV,2015,20145
NY,2015,75043
OH,2015,31111
OK,2015,16603
OR,2015,6369
PA,2015,40154
RI,2015,2565
SC,2015,24037
SD,2015,3293
TN,2015,40826
TX,2015,112932
UT,2015,7038
VA,2015,16718
VT,2015,764
WA,2015,20280
WI,2015,17096
WV,2015,5300
WY,2015,1252
AL,2016,25141
AR,2016,15914
AZ,2016,31825
CA,2016,174751
CO,2016,18907
CT,2016,8181
DE,2016,4861
FL,2016,88577
GA,2016,39354
IA,2016,9021
ID,2016,3848
IL,2016,54815
IN,2016,24155
KS,2016,9881
KY,2016,10476
LA,2016,26166
MA,2016,25441
MD,2016,29006
ME,2016,1651
MI,2016,45545
MN,2016,13277
MO,2016,31687
MS,2016,5041
MT,2016,3877
NC,2016,32661
ND,2016,1911
NE,2016,5374
NH,2016,2566
NJ,2016,21856
NM,2016,13809
NV,2016,19882
NY,2016,74134
OH,2016,33897
OK,2016,17733
OR,2016,10615
PA,2016,40314
RI,2016,2529
SC,2016,24988
SD,2016,3497
TN,2016,42694
TX,2016,120609
UT,2016,7307
VA,2016,18470
VT,2016,804
WA,2016,21904
WI,2016,17479
WV,2016,5947
WY,2016,1365
AL,2017,23993
AR,2017,17771
AZ,2017,35882
CA,2017,178588
CO,2017,23575
CT,2017,8685
DE,2017,4635
FL,2017,85658
GA,2017,32275
IA,2017,9890
ID,2017,4739
IL,2017,55701
IN,2017,24145
KS,2017,11377
KY,2017,11743
LA,2017,25467
MA,2017,25583
MD,2017,30318
ME,2017,1775
MI,2017,49646
MN,2017,13374
MO,2017,32941
MS,2017,4877
MT,2017,4510
NC,2017,32937
ND,2017,2451
NE,2017,5964
NH,2017,3111
NJ,2017,20610
NM,2017,16131
NV,2017,16663
NY,2017,70417
OH,2017,37654
OK,2017,18523
OR,2017,13055
PA,2017,40059
RI,2017,2799
SC,2017,27040
SD,2017,3973
TN,2017,46496
TX,2017,125565
UT,2017,8621
VA,2017,19845
VT,2017,1333
WA,2017,25152
WI,2017,19518
WV,2017,6484
WY,2017,1313
AL,2018,23949
AR,2018,18154
AZ,2018,33692
CA,2018,176969
CO,2018,25957
CT,2018,8085
DE,2018,4358
FL,2018,81993
GA,2018,33293
IA,2018,7783
ID,2018,4887
IL,2018,52259
IN,2018,22803
KS,2018,12254
KY,2018,11242
LA,2018,24463
MA,2018,24871
MD,2018,28563
ME,2018,1665
MI,2018,50356
MN,2018,12561
MO,2018,31162
MS,2018,4531
MT,2018,4520
NC,2018,33071
ND,2018,2381
NE,2018,5860
NH,2018,2811
NJ,2018,18536
NM,2018,16797
NV,2018,17163
NY,2018,68265
OH,2018,37955
OK,2018,19335
OR,2018,13617
PA,2018,39229
RI,2018,2700
SC,2018,27042
SD,2018,3560
TN,2018,45324
TX,2018,122851
UT,2018,8551
VA,2018,19486
VT,2018,1407
WA,2018,26573
WI,2018,18483
WV,2018,5208
WY,2018,1075
AL,2019,9655
AR,2019,18809
AZ,2019,32735
CA,2019,173320
CO,2019,24942
CT,2019,7198
DE,2019,4363
FL,2019,81183
GA,2019,28163
IA,2019,9930
ID,2019,4931
IL,2019,51618
IN,2019,21447
KS,2019,12083
KY,2019,11389
LA,2019,25143
MA,2019,24002
MD,2019,27843
ME,2019,1850
MI,2019,48322
MN,2019,14185
MO,2019,31294
MS,2019,4770
MT,2019,5042
NC,2019,39534
ND,2019,2537
NE,2019,6138
NH,2019,2552
NJ,2019,18420
NM,2019,16153
NV,2019,15326
NY,2019,69423
OH,2019,38008
OK,2019,18218
OR,2019,13574
PA,2019,36823
RI,2019,2724
SC,2019,27695
SD,2019,3509
TN,2019,43773
TX,2019,128414
UT,2019,8618
VA,2019,20064
VT,2019,1531
WA,2019,26150
WI,2019,18503
WV,2019,5286
WY,2019,1139
AL,2020,10632
AR,2020,21783
AZ,2020,35886
CA,2020,173941
CO,2020,27785
CT,2020,7046
DE,2020,4582
FL,2020,83199
GA,2020,29488
IA,2020,10621
ID,2020,5316
IL,2020,51362
IN,2020,25548
KS,2020,12630
KY,2020,13363
LA,2020,28382
MA,2020,22780
MD,2020,25135
ME,2020,1819
MI,2020,52655
MN,2020,17039
MO,2020,34611
MS,2020,6381
MT,2020,5792
NC,2020,47033
ND,2020,2898
NE,2020,6350
NH,2020,2418
NJ,2020,17363
NM,2020,15833
NV,2020,15587
NY,2020,70300
OH,2020,39621
OK,2020,19529
OR,2020,13747
PA,2020,33333
RI,2020,2754
SC,2020,29053
SD,2020,4637
TN,2020,49277
TX,2020,141558
UT,2020,8985
VA,2020,20208
VT,2020,1380
WA,2020,25514
WI,2020,20354
WV,2020,5859
WY,2020,1380
AL,2021,15730
AR,2021,22486
AZ,2021,14061
CA,2021,38940
CO,2021,30744
CT,2021,6943
DE,2021,4504
FL,2021,19726
GA,2021,37485
IA,2021,10128
ID,2021,5346
IL,2021,24029
IN,2021,22015
KS,2021,13490
KY,2021,13554
LA,2021,28602
MA,2021,22593
MD,2021,16002
ME,2021,2018
MI,2021,53376
MN,2021,19859
MO,2021,33677
MS,2021,4958
MT,2021,5828
NC,2021,46038
ND,2021,2408
NE,2021,3635
NH,2021,2368
NJ,2021,12769
NM,2021,16253
NV,2021,15139
NY,2021,11100
OH,2021,40108
OK,2021,19278
OR,2021,15855
PA,2021,23557
RI,2021,2525
SC,2021,28427
SD,2021,3805
TN,2021,49378
TX,2021,144405
UT,2021,9946
VA,2021,21500
VT,2021,1479
WA,2021,28660
WI,2021,20810
WV,2021,5366
WY,2021,1268
AL,2022,20076
AR,2022,21284
AZ,2022,30586
CA,2022,198553
CO,2022,31658
CT,2022,6179
DE,2022,4187
FL,2022,58036
GA,2022,40187
IA,2022,9868
ID,2022,5520
IL,2022,37170
IN,2022,21538
KS,2022,13379
KY,2022,11139
LA,2022,27325
MA,2022,24200
MD,2022,27338
ME,2022,1894
MI,2022,49797
MN,2022,18135
MO,2022,31835
MS,2022,4724
MT,2022,5329
NC,2022,44842
ND,2022,2618
NE,2022,6167
NH,2022,2264
NJ,2022,19353
NM,2022,16612
NV,2022,16114
NY,2022,84859
OH,2022,38857
OK,2022,18910
OR,2022,16064
PA,2022,33509
RI,2022,2211
SC,2022,27960
SD,2022,3725
TN,2022,47146
TX,2022,141827
UT,2022,9813
VA,2022,22524
VT,2022,1688
WA,2022,32087
WI,2022,19633
WV,2022,5301
WY,2022,1228
AL,2023,19090
AR,2023,20062
AZ,2023,28363
CA,2023,205780
CO,2023,29905
CT,2023,6016
DE,2023,4060
FL,2023,45256
GA,2023,35241
IA,2023,9552
ID,2023,5162
IL,2023,40513
IN,2023,23080
KS,2023,12686
KY,2023,11268
LA,2023,24526
MA,2023,23075
MD,2023,27697
ME,2023,1802
MI,2023,48584
MN,2023,16661
MO,2023,29643
MS,2023,3689
MT,2023,5481
NC,2023,42550
ND,2023,2410
NE,2023,3876
NH,2023,1820
NJ,2023,20287
NM,2023,15545
NV,2023,14508
NY,2023,77829
OH,2023,36928
OK,2023,18475
OR,2023,15038
PA,2023,34200
RI,2023,2151
SC,2023,26587
SD,2023,3381
TN,2023,46850
TX,2023,134605
UT,2023,9267
VA,2023,22346
VT,2023,1534
WA,2023,30163
WI,2023,18492
WV,2023,4841
WY,2023,1272
